feature,mean_importance
age,0.09267339749168776
weight,0.23778707072034325
gender,0.6590695454759492
