feature,mean_importance
age,0.08958497559678813
weight,0.23095556171158033
gender,0.7505587238216114
