feature,mean_importance
age,0.08233707213130022
weight,0.28299135085243693
gender,0.6464502188380299
