feature,mean_importance
age,0.10292578866562814
weight,0.2149265192019353
gender,0.6566384365487137
