feature,mean_importance
age,0.08298192327841511
weight,0.2595587804237728
gender,0.6449418493763859
