feature,mean_importance
age,0.08245360373006524
weight,0.28739595699071946
gender,0.6172180134431411
