feature,mean_importance
age,0.08944686333441375
weight,0.28608199393232564
gender,0.6675439936916039
