feature,mean_importance
age,0.08524701047334055
weight,0.27972878866852235
gender,0.6276769751889577
