feature,mean_importance
age,0.07197501377012647
weight,0.2940682598153078
gender,0.6144071868729521
