feature,mean_importance
age,0.08155047377073038
weight,0.27742340294414747
gender,0.6121301560969027
