feature,mean_importance
age,0.08356204445155913
weight,0.27857457504725697
gender,0.6188990981916695
