feature,mean_importance
age,0.08491210499778881
weight,0.24022970431568544
gender,0.6634951778528555
