feature,mean_importance
age,0.08405663155617353
weight,0.24889331520643462
gender,0.6375524136184131
