feature,mean_importance
age,0.08952764408922304
weight,0.25052991894602034
gender,0.6947100090618173
