feature,mean_importance
age,0.08938234729927576
weight,0.2678020785189874
gender,0.632241639401562
