feature,mean_importance
age,0.07799667686011416
weight,0.2786472574420278
gender,0.6467630890393572
