{"loss":0.1324501145046864,"_timestamp":1.752703751995094e+09,"_step":7,"_wandb":{"runtime":0},"_runtime":0,"acc":0.8528591231542375}