feature,mean_importance
age,0.08502933691169395
weight,0.27324201230734735
gender,0.6228566622437843
