feature,mean_importance
age,0.0838325565247699
weight,0.27334320821667474
gender,0.6351967183510376
