feature,mean_importance
age,0.08275707868415204
weight,0.2809783988236516
gender,0.6185650087950417
