feature,mean_importance
age,0.08512538502460618
weight,0.2738972795763052
gender,0.6295147227628924
