feature,mean_importance
age,0.07154020950663055
weight,0.2784738421002452
gender,0.4409385268979437
