feature,mean_importance
age,0.07778148364981402
weight,0.290299489739326
gender,0.41243304074485154
