feature,mean_importance
age,0.08101277537376672
weight,0.24720075080599582
gender,0.47273780461327497
