feature,mean_importance
age,0.07539788090582131
weight,0.27261412432048016
gender,0.420540330208104
