feature,mean_importance
age,0.08075245786629541
weight,0.2632251430792484
gender,0.4917632093599785
