feature,mean_importance
age,0.058058732154974514
weight,0.22611741630906704
gender,0.5725396245735915
