feature,mean_importance
age,0.049021697707172115
weight,0.2389071069010955
gender,0.5452364321119075
