feature,mean_importance
age,0.061839124973531966
weight,0.24153100222418994
gender,0.5587714921107703
