feature,mean_importance
age,0.06274998235110035
weight,0.23685195756117344
gender,0.6079944614969779
