feature,mean_importance
age,0.05926847700267438
weight,0.22371923731918786
gender,0.5268710573198307
