feature,mean_importance
age,0.08651403520990847
weight,0.2733795717144766
gender,0.6203993687996958
