feature,mean_importance
age,0.08916675982409297
weight,0.2769795051167437
gender,0.6719827210533185
