feature,mean_importance
age,0.08245397423379416
weight,0.2602446661005277
gender,0.6258411147683998
