feature,mean_importance
age,0.07463821423205182
weight,0.27794831269421716
gender,0.6342112179908015
