feature,mean_importance
age,0.08273453341890974
weight,0.26197514394482485
gender,0.639387299601294
