feature,mean_importance
eat,0.0005445472069228741
region,0.006060657285147719
schedule,0.023188904081666108
background,0.030186290377101056
height,0.031337831152934995
experience,0.034207028449320775
howlong,0.04710544822631711
age,0.08022025970105015
weight,0.31385371705252313
gender,0.5849141399564249
