feature,mean_importance
eat,-0.0007871042894632863
region,0.0052853049301762375
howlong,0.008480538193417786
experience,0.01891861121260673
schedule,0.019393331493076593
background,0.02404476915860735
height,0.031510751576150985
age,0.08337724814611085
athlete_id,0.08846630799390984
weight,0.3178374837852719
gender,0.5495831808811662
