feature,mean_importance
eat,-0.0001136503550871526
region,0.005536833688845888
howlong,0.011813927050135675
experience,0.01810842168605088
schedule,0.020749456454299663
background,0.02693037366769535
height,0.030393756982216313
age,0.08868034478632188
athlete_id,0.09212474289850368
weight,0.30730796368720886
gender,0.5735909983067813
