feature,mean_importance
age,0.08189905259519657
weight,0.2815617687367687
gender,0.6142752916461426
