feature,mean_importance
age,0.07358641083875642
weight,0.29911971043507235
gender,0.6255037821428273
