feature,mean_importance
age,0.08436673691050273
weight,0.2757060379920077
gender,0.623446130232106
