feature,mean_importance
age,0.08260290276273266
weight,0.28301932178199085
gender,0.6152716110881122
