feature,mean_importance
age,0.08903322682510459
weight,0.28938079345209106
gender,0.6606608639080349
