feature,mean_importance
age,0.08385361381763357
weight,0.2269946199332927
gender,0.6224023322911197
