feature,mean_importance
age,0.0817984175806841
weight,0.24185168386769867
gender,0.63619779405679
