feature,mean_importance
age,0.07830234647133633
weight,0.2957586882415807
gender,0.6108340495048751
