feature,mean_importance
age,0.07595961008099086
weight,0.23037169123077467
gender,0.7860444796279397
