feature,mean_importance
age,0.0853039165923494
weight,0.2411521813107612
gender,0.587406570501366
