feature,mean_importance
age,0.0831199519481082
weight,0.2617084520257939
gender,0.6430102310958528
