feature,mean_importance
age,0.08613980486898211
weight,0.2725553502386776
gender,0.6204793288649094
