feature,mean_importance
age,0.08398992454247228
weight,0.26605336643444716
gender,0.6239485826213566
