feature,mean_importance
age,0.0898472727216417
weight,0.2791023057808196
gender,0.6721572618354777
