feature,mean_importance
age,0.07736983046075466
weight,0.2871572984621044
gender,0.630786171691007
