feature,mean_importance
eat,0.00019039518594774485
region,0.0060410168041649505
howlong,0.010387858282178437
schedule,0.01783436052273893
experience,0.021986831891775787
background,0.02424050234554212
height,0.03534491955117724
athlete_id,0.07483409079623049
age,0.07917846187285564
weight,0.30539844718872794
gender,0.5180215010594437
