feature,mean_importance
eat,-6.582997492411424e-05
region,0.004573097460629216
howlong,0.010752563204776933
schedule,0.01685373770309062
experience,0.022498871302555474
background,0.026690804519208088
height,0.03158195788857475
athlete_id,0.07975049306878404
age,0.08543511517956356
weight,0.2889686364030132
gender,0.5222592975052984
