feature,mean_importance
eat,7.083623250858095e-05
region,0.006563492878990879
howlong,0.00939475589484518
schedule,0.019131423419402677
experience,0.02551569120720281
background,0.0271512983362918
height,0.03414552739943776
athlete_id,0.07399570428723563
age,0.08299471362115855
weight,0.2970992786460455
gender,0.562367462134441
