feature,mean_importance
eat,0.0005731423648479061
region,0.008043955424007886
howlong,0.009829879932687663
schedule,0.01953072754275107
experience,0.024388023431763328
background,0.026545873651457646
height,0.03859079741105153
athlete_id,0.07446340209975692
age,0.09051813284172161
weight,0.32348345960667
gender,0.5382335627863184
