{"_timestamp":1.752788955318727e+09,"_step":0,"mse":35.63302334411548,"mae":4.5134012165105695,"r2":0.9995472254332558,"_wandb":{"runtime":1},"_runtime":1}