feature,mean_importance
age,0.08330108936031304
weight,0.2696955429494683
gender,0.6891189304487013
