feature,mean_importance
age,0.08109775855120574
weight,0.21723955976499668
gender,0.7210249356644768
