feature,mean_importance
age,0.08222872066868425
weight,0.2413574419161017
gender,0.6300173738091902
