feature,mean_importance
age,0.0818580442121671
weight,0.23863891365290443
gender,0.7686702289069496
