feature,mean_importance
age,0.09556131120854561
weight,0.2495234808977353
gender,0.6331863414635099
