feature,mean_importance
age,0.09015873008449968
weight,0.28067968037072677
gender,0.6764433811961958
