feature,mean_importance
age,0.08165271010284555
weight,0.2676957218794521
gender,0.6148095439293613
