feature,mean_importance
age,0.07172573206146128
weight,0.2808081668430503
gender,0.43748452438413643
