feature,mean_importance
age,0.08122630993622382
weight,0.2683332463495223
gender,0.43957387818267246
