feature,mean_importance
age,0.08064402438255686
weight,0.2625090321985103
gender,0.49216186798975003
