feature,mean_importance
age,0.07938084767354561
weight,0.27166859438859736
gender,0.44108519305507077
