feature,mean_importance
age,0.07581044645160051
weight,0.25833332570697715
gender,0.44304516148764134
