feature,mean_importance
age,0.08256588804832206
weight,0.23268417566774335
gender,0.6636856289732966
