feature,mean_importance
age,0.0898748987183824
weight,0.25532303578627535
gender,0.6897910577915741
