feature,mean_importance
age,0.09023900965494593
weight,0.2713333625263781
gender,0.6312673096627068
