feature,mean_importance
age,0.07744091070640689
weight,0.277912258995096
gender,0.6454210469350662
