feature,mean_importance
age,0.09576793298236799
weight,0.2709378111576216
gender,0.7347550909437764
