feature,mean_importance
age,0.08444539120065311
weight,0.23908838565343743
gender,0.6676382958645066
