feature,mean_importance
age,0.076226332991133
weight,0.26477941642923886
gender,0.6568562470964754
