feature,mean_importance
age,0.09039030116052202
weight,0.2563175564360415
gender,0.6963330134948392
