feature,mean_importance
age,0.08528760383283117
weight,0.2590943238781529
gender,0.6379393433588583
