feature,mean_importance
age,0.09087174887740308
weight,0.2745122162563713
gender,0.6340727945793386
