feature,mean_importance
age,0.08189320376146948
weight,0.2844029872200927
gender,0.6187770763934235
