feature,mean_importance
age,0.0851398541596487
weight,0.29315734577528496
gender,0.6060781160279198
