feature,mean_importance
age,0.0828022741550288
weight,0.28062809710413483
gender,0.6067476501378424
