feature,mean_importance
age,0.07093282821671698
weight,0.2966457369331589
gender,0.6036696274458176
