feature,mean_importance
age,0.08935397375629307
weight,0.2903010130759854
gender,0.6614517824072972
