feature,mean_importance
age,0.08623573621107868
weight,0.25028817131520953
gender,0.6609326299645701
