feature,mean_importance
age,0.08927305945144912
weight,0.26196947471923854
gender,0.6406242279896953
