feature,mean_importance
age,0.08478856224413249
weight,0.2779382656617938
gender,0.6370925254836042
