feature,mean_importance
age,0.07628889165095387
weight,0.29168664016291507
gender,0.6310339266314104
