feature,mean_importance
age,0.08494437138827174
weight,0.2688651387370484
gender,0.6198479005283924
