feature,mean_importance
height,-5.289723719336115e-05
eat,2.486810541444395e-05
region,0.0007965161758028638
experience,0.0024529452583506917
howlong,0.00479569106937926
schedule,0.00977977239363501
background,0.012632341879685626
age,0.0579064177625289
weight,0.06896933374480341
athlete_id,0.12995711434383145
gender,0.8016380003631159
