feature,mean_importance
age,0.07221384872198716
weight,0.20063616563468703
gender,0.6460054870008987
