feature,mean_importance
age,0.07528622079933942
weight,0.20030118397218954
gender,0.6689667773312841
