feature,mean_importance
age,0.06886340155223983
weight,0.20984674643423204
gender,0.5919680659963089
