feature,mean_importance
age,0.07360307704978568
weight,0.20701891425126692
gender,0.676831233838629
