feature,mean_importance
age,0.06106825091488205
weight,0.2080839056740876
gender,0.6539901431469012
