feature,mean_importance
age,0.0825529392491208
weight,0.2831689962506072
gender,0.6188489960452733
