feature,mean_importance
age,0.08487916745192993
weight,0.27131554528032875
gender,0.6281233922629846
