feature,mean_importance
age,0.09074180935802545
weight,0.28865956645190866
gender,0.6724584560444941
