feature,mean_importance
age,0.073518050882282
weight,0.29532215300858006
gender,0.6267311430209496
