feature,mean_importance
age,0.08255787861045506
weight,0.27915785089440454
gender,0.6173130093409152
