feature,mean_importance
age,0.08579997269586438
weight,0.2432378724968914
gender,0.6656942576301892
