feature,mean_importance
age,0.0765817748954255
weight,0.272925276309995
gender,0.651692984165668
