feature,mean_importance
age,0.08198452949622571
weight,0.24664965586550788
gender,0.6454534339214858
