feature,mean_importance
age,0.08989347806605899
weight,0.26494992077218293
gender,0.6348087681878072
