feature,mean_importance
age,0.09007008264507103
weight,0.2553610897310569
gender,0.7060021227569196
