feature,mean_importance
age,0.07983133810006245
weight,0.2951364738722109
gender,0.6042345863188967
