feature,mean_importance
age,0.08227944836575199
weight,0.2653609645362792
gender,0.6309302267634296
