feature,mean_importance
age,0.0847841119301492
weight,0.26374473045090246
gender,0.6533628595871217
