feature,mean_importance
age,0.07970358737415492
weight,0.21718252739141725
gender,0.7354860869591431
