feature,mean_importance
age,0.07930961446979158
weight,0.27019258833397763
gender,0.5704973783210543
