feature,mean_importance
age,0.08655326543236032
weight,0.27179292928213805
gender,0.6329520911701753
