feature,mean_importance
age,0.08928890633824928
weight,0.28357020359929885
gender,0.6671966086549505
