feature,mean_importance
age,0.08362553944953148
weight,0.2729020159813644
gender,0.6326931439695528
