feature,mean_importance
age,0.07344375613402072
weight,0.2848442817308066
gender,0.6254583493573361
