feature,mean_importance
age,0.0818444379960394
weight,0.2668778065905807
gender,0.6203103144960529
