feature,mean_importance
age,0.0786416513543391
weight,0.2358637519623911
gender,0.6156801196526962
