feature,mean_importance
age,0.08466786136387743
weight,0.2550031239276881
gender,0.6565411967161785
