feature,mean_importance
age,0.07174612230699175
weight,0.25694176534448915
gender,0.623456602670432
