feature,mean_importance
age,0.08228267177676592
weight,0.2515530170133953
gender,0.6075281666243286
