feature,mean_importance
age,0.08060729738422386
weight,0.24594204128701108
gender,0.6193366748128115
