{"_runtime":1,"r2":0.9995472254332558,"_timestamp":1.752788618086168e+09,"_step":0,"mse":35.63302334411548,"mae":4.5134012165105695,"_wandb":{"runtime":1}}