feature,mean_importance
eat,-0.00044858687406929
region,0.0026453462779458146
background,0.023602486388064357
schedule,0.02381479247084505
experience,0.026881825228627754
howlong,0.05533791940401265
height,0.06003976556692212
age,0.09135790804882124
weight,0.34454817290825296
gender,0.5457732620009095
