feature,mean_importance
eat,-0.0012401681418217514
region,0.002507785905344917
experience,0.008300072331103081
howlong,0.01061160499533761
schedule,0.01270162445141564
background,0.014955818394906607
height,0.06884707769708667
age,0.11452640274061503
athlete_id,0.1437921376001682
weight,0.3966476261968426
gender,0.5450091530635319
