feature,mean_importance
eat,0.0006329908869407541
region,0.001671148801581268
howlong,0.007477742581589097
experience,0.009306729529663393
schedule,0.013159577823128533
background,0.020464114834517034
height,0.04823679790296824
age,0.10127076641314589
athlete_id,0.12994247281977364
weight,0.3174888805549344
gender,0.4945313232076628
