feature,mean_importance
height,-6.984111203434118e-06
eat,9.9114435169656e-05
region,0.0006570707353356186
experience,0.002288631286895415
howlong,0.004883929200289927
schedule,0.010405139550199782
background,0.013733531844814306
age,0.05678685653252315
weight,0.0634605609389356
athlete_id,0.1278621786832175
gender,0.811737642077226
