feature,mean_importance
age,0.05976998905191315
weight,0.18473276732668872
gender,0.6791626109589857
