feature,mean_importance
region,1.6409688816998446e-06
eat,3.165865149823421e-06
height,1.3906357392834411e-05
background,0.0006414824727987267
experience,0.0012479344151595905
howlong,0.01960328910429506
age,0.03040763592435284
schedule,0.04207370819356919
weight,0.15366841042358392
gender,0.7265346653684039
