feature,mean_importance
eat,-3.9642578214982295e-06
region,9.871485398327273e-06
height,0.00020312787325463822
background,0.0005257179199866125
experience,0.0028151839993894477
howlong,0.020903112675337666
age,0.03550216483462555
schedule,0.03947078052567103
weight,0.15205584189483956
gender,0.7283166991605124
