feature,mean_importance
region,0.0
eat,1.8800041931776867e-05
height,0.00017988587594330863
background,0.0003912948514942727
experience,0.0006729895150590192
howlong,0.01733557779463235
age,0.03444348385011473
schedule,0.04255723307907435
weight,0.1541161313939531
gender,0.725592833450183
