feature,mean_importance
age,0.05821119616080263
weight,0.17617982564802923
gender,0.7058701929488682
