feature,mean_importance
age,0.0582259037127966
weight,0.1757027645402426
gender,0.6921074782710928
