feature,mean_importance
age,0.06290178986951636
weight,0.17785100090650507
gender,0.7639587634229521
