feature,mean_importance
eat,5.551115123125783e-17
region,8.881784197001253e-17
height,0.00014668915095925606
background,0.0008944359506826149
experience,0.0024746675628005365
howlong,0.0190804800471172
age,0.036860349585689525
schedule,0.045085206541752576
weight,0.16597241264896237
gender,0.7666621392573866
