feature,mean_importance
age,0.08246219364453171
weight,0.2944529577939644
gender,0.6472047809440802
