feature,mean_importance
age,0.09034017410234638
weight,0.23974445950767728
gender,0.6457554544247308
