feature,mean_importance
age,0.09137298154975272
weight,0.24894756281261726
gender,0.6615516729941646
