feature,mean_importance
age,0.08176741693993694
weight,0.23670109558096836
gender,0.6540296533150401
