feature,mean_importance
age,0.07284098878795366
weight,0.27080249595411365
gender,0.6866873650467431
