feature,mean_importance
eat,3.660076049955552e-05
region,0.005735609371917094
howlong,0.010261214062681174
schedule,0.016994899047711114
experience,0.018499552245690838
background,0.024958306521394896
height,0.029134693365590998
athlete_id,0.08444923390846235
age,0.08768137280418713
weight,0.2734276901117223
gender,0.5639661004070264
