feature,mean_importance
eat,-0.00024556378149723224
region,0.00685518797566258
howlong,0.008445849469035737
schedule,0.019969879348314633
experience,0.02039330351791032
background,0.02394641754170309
height,0.03376799851911252
athlete_id,0.08000338776879491
age,0.09338715662876237
weight,0.2989611759143048
gender,0.5772055943927908
