feature,mean_importance
eat,0.0008490762689887799
region,0.006075365232654567
howlong,0.008282624652451675
schedule,0.02178819752875889
experience,0.02257884740340964
background,0.02777642713440972
height,0.032326465851438224
athlete_id,0.0815170413215126
age,0.08708482320290396
weight,0.29275184318844694
gender,0.5885679853057588
