feature,mean_importance
eat,-0.0002752182413016058
region,0.004257054160734813
howlong,0.008466029613683607
experience,0.017969223654538617
schedule,0.019384225442686604
background,0.024068176460575734
height,0.031030395661635717
age,0.08266556133709606
athlete_id,0.08530426813209349
weight,0.29790528285787155
gender,0.5538314342780322
