feature,mean_importance
eat,0.00014203432955751661
region,0.00616994441572698
schedule,0.02698812721481254
background,0.0312114686142983
height,0.03640534169671759
experience,0.03693102220916964
howlong,0.04785819808415026
age,0.08325795309861667
weight,0.3202512689021672
gender,0.5648617078913267
