feature,mean_importance
eat,3.065636529815396e-05
region,0.006780961894369286
schedule,0.024222925696850382
background,0.03094606452916785
experience,0.033036077071137135
height,0.04139977895628309
howlong,0.04764621525059416
age,0.07347473794411463
weight,0.3471908349212811
gender,0.5507688165720932
