feature,mean_importance
eat,0.0008673496463065478
region,0.007640534167488377
schedule,0.025152343396546463
background,0.03313262306443426
experience,0.034802099518622065
height,0.03631764523925694
howlong,0.05104123969836395
age,0.07708037096439424
weight,0.31917168903962123
gender,0.5750578462605244
