feature,mean_importance
eat,0.0009124865173281649
region,0.006876056811369468
howlong,0.00943720207183658
schedule,0.02271377504309701
experience,0.02350526564386212
background,0.028645757388230268
height,0.038363664473942335
athlete_id,0.08001216603643561
age,0.08702808911501414
weight,0.325600925161043
gender,0.5799759153394796
