feature,mean_importance
age,0.07653292237909319
weight,0.2694184628632537
gender,0.6517653719226979
