feature,mean_importance
age,0.08442801002741637
weight,0.25028962483908673
gender,0.6415054958799669
