feature,mean_importance
age,0.08504463593911314
weight,0.24549672981498688
gender,0.6631000485577182
