feature,mean_importance
age,0.08797015647090986
weight,0.24783135074222082
gender,0.7019117615737583
