feature,mean_importance
age,0.08940329177464196
weight,0.265143383489136
gender,0.6388026282117817
