feature,mean_importance
age,0.0843073158138448
weight,0.2502586552772349
gender,0.642881103287303
