feature,mean_importance
age,0.07747604724336712
weight,0.2743792949041023
gender,0.6518498018096383
