feature,mean_importance
age,0.08997953007473478
weight,0.26742342302986416
gender,0.6338898079138728
