feature,mean_importance
age,0.0901553430241204
weight,0.2581757083255775
gender,0.6904383745472659
