feature,mean_importance
age,0.08536583883130441
weight,0.24680918691130804
gender,0.6590822493831261
