feature,mean_importance
age,0.08923869481230241
weight,0.28616838828765906
gender,0.6684166957930817
