feature,mean_importance
age,0.07379174890425222
weight,0.29160131158404284
gender,0.625858794151618
