feature,mean_importance
age,0.0826315897288294
weight,0.27807779091979146
gender,0.6201219164104099
