feature,mean_importance
age,0.04139505084326408
weight,0.14787224720126513
gender,0.793799284687573
