feature,mean_importance
age,0.03690203210264871
weight,0.1381681542079749
gender,0.7574117355423103
