feature,mean_importance
age,0.039389610745789505
weight,0.13693939983876896
gender,0.7494440613932869
