feature,mean_importance
age,0.03746844320945405
weight,0.13495395071660604
gender,0.7515454167647306
