feature,mean_importance
age,0.03114952355620032
weight,0.15033606924271942
gender,0.7520133789128772
