feature,mean_importance
age,0.08608772877953615
weight,0.27807607187854655
gender,0.6185355420874448
