feature,mean_importance
age,0.07255795373449109
weight,0.2786468664043277
gender,0.6248406600311741
