feature,mean_importance
age,0.08309304862607063
weight,0.2825320107942063
gender,0.6154319640851014
