feature,mean_importance
age,0.07333071775445002
weight,0.3002262044214793
gender,0.6152706157072642
