feature,mean_importance
age,0.08614017410025682
weight,0.2878734337424131
gender,0.6163815456280061
