feature,mean_importance
age,0.0903543609210085
weight,0.28667974449398825
gender,0.6665786181511427
