feature,mean_importance
age,0.08271889788543031
weight,0.28392035706807317
gender,0.6209040739413783
