feature,mean_importance
age,0.08735595134236976
weight,0.29984157457472504
gender,0.6985724952775859
