feature,mean_importance
age,0.07921991389892116
weight,0.2853445728826975
gender,0.6017466850455555
