feature,mean_importance
age,0.0917036373195702
weight,0.26808192630617855
gender,0.6285732788023213
