feature,mean_importance
age,0.08956357207555918
weight,0.2460535143599313
gender,0.5752133088329967
