feature,mean_importance
age,0.09351497247094406
weight,0.2467284089401418
gender,0.658179496430726
