feature,mean_importance
age,0.0914740282366744
weight,0.2633485427135359
gender,0.6494950272190521
