feature,mean_importance
age,0.08869307550834525
weight,0.2573755396924645
gender,0.657244534954615
