feature,mean_importance
age,0.07724839679990399
weight,0.2765290233413939
gender,0.6477314791583926
