feature,mean_importance
age,0.09235236440281396
weight,0.24738212888821218
gender,0.715708633030806
