feature,mean_importance
age,0.08969315460149277
weight,0.2366840746240236
gender,0.6810705450375674
