{
    "uid": "3d0c21bd-28ec-46dd-bdbc-0c9e8ffb6394",
    "name": "23_NeuralNetwork",
    "preprocessing": [
        {
            "categorical": [
                {
                    "convert_method": "categorical_to_int",
                    "convert_params": {
                        "gender": {
                            "Female": 0,
                            "Male": 1
                        }
                    },
                    "columns": [
                        "gender"
                    ]
                }
            ],
            "scale": [
                {
                    "scale": [
                        7.454698056871844,
                        32.492204949260554,
                        0.4435694747305272
                    ],
                    "mean": [
                        32.15055442761206,
                        177.25472434796188,
                        0.730751210370139
                    ],
                    "var": [
                        55.572523119128846,
                        1055.7433824647521,
                        0.1967538789127158
                    ],
                    "n_samples_seen": 19209,
                    "n_features_in": 3,
                    "columns": [
                        "age",
                        "weight",
                        "gender"
                    ],
                    "scale_method": "scale_normal"
                }
            ],
            "scale_y": {
                "scale": [
                    276.3304028201339
                ],
                "mean": [
                    1017.9889635066896
                ],
                "var": [
                    76358.49152273744
                ],
                "n_samples_seen": 19209,
                "n_features_in": 1,
                "columns": [
                    "target"
                ],
                "scale_method": "scale_normal"
            },
            "ml_task": "regression",
            "params": {
                "columns_preprocessing": {
                    "age": [
                        "scale_normal"
                    ],
                    "weight": [
                        "scale_normal"
                    ],
                    "gender": [
                        "categorical_to_int",
                        "scale_normal"
                    ]
                },
                "target_preprocessing": [
                    "na_exclude",
                    "scale_normal"
                ],
                "ml_task": "regression"
            }
        },
        {
            "categorical": [
                {
                    "convert_method": "categorical_to_int",
                    "convert_params": {
                        "gender": {
                            "Female": 0,
                            "Male": 1
                        }
                    },
                    "columns": [
                        "gender"
                    ]
                }
            ],
            "scale": [
                {
                    "scale": [
                        7.445800446478983,
                        32.37894406334815,
                        0.4443247271987459
                    ],
                    "mean": [
                        32.1252017283565,
                        177.31308240928732,
                        0.7292935603102713
                    ],
                    "var": [
                        55.43994428878663,
                        1048.3960186574286,
                        0.19742446320023996
                    ],
                    "n_samples_seen": 19209,
                    "n_features_in": 3,
                    "columns": [
                        "age",
                        "weight",
                        "gender"
                    ],
                    "scale_method": "scale_normal"
                }
            ],
            "scale_y": {
                "scale": [
                    277.2746592991086
                ],
                "mean": [
                    1018.1675776979541
                ],
                "var": [
                    76881.23668943673
                ],
                "n_samples_seen": 19209,
                "n_features_in": 1,
                "columns": [
                    "target"
                ],
                "scale_method": "scale_normal"
            },
            "ml_task": "regression",
            "params": {
                "columns_preprocessing": {
                    "age": [
                        "scale_normal"
                    ],
                    "weight": [
                        "scale_normal"
                    ],
                    "gender": [
                        "categorical_to_int",
                        "scale_normal"
                    ]
                },
                "target_preprocessing": [
                    "na_exclude",
                    "scale_normal"
                ],
                "ml_task": "regression"
            }
        },
        {
            "categorical": [
                {
                    "convert_method": "categorical_to_int",
                    "convert_params": {
                        "gender": {
                            "Female": 0,
                            "Male": 1
                        }
                    },
                    "columns": [
                        "gender"
                    ]
                }
            ],
            "scale": [
                {
                    "scale": [
                        7.4350622965284225,
                        32.43821382877267,
                        0.44538591809068073
                    ],
                    "mean": [
                        32.13289953149401,
                        177.07303487766788,
                        0.7272254034357105
                    ],
                    "var": [
                        55.2801513532585,
                        1052.2377164011782,
                        0.19836861603347855
                    ],
                    "n_samples_seen": 19210,
                    "n_features_in": 3,
                    "columns": [
                        "age",
                        "weight",
                        "gender"
                    ],
                    "scale_method": "scale_normal"
                }
            ],
            "scale_y": {
                "scale": [
                    277.565526703395
                ],
                "mean": [
                    1017.6612181155648
                ],
                "var": [
                    77042.62161413307
                ],
                "n_samples_seen": 19210,
                "n_features_in": 1,
                "columns": [
                    "target"
                ],
                "scale_method": "scale_normal"
            },
            "ml_task": "regression",
            "params": {
                "columns_preprocessing": {
                    "age": [
                        "scale_normal"
                    ],
                    "weight": [
                        "scale_normal"
                    ],
                    "gender": [
                        "categorical_to_int",
                        "scale_normal"
                    ]
                },
                "target_preprocessing": [
                    "na_exclude",
                    "scale_normal"
                ],
                "ml_task": "regression"
            }
        },
        {
            "categorical": [
                {
                    "convert_method": "categorical_to_int",
                    "convert_params": {
                        "gender": {
                            "Female": 0,
                            "Male": 1
                        }
                    },