feature,mean_importance
age,0.07885038477862055
weight,0.247765991436883
gender,0.6811352907565995
