feature,mean_importance
age,0.08388652718885217
weight,0.26571806773278595
gender,0.6533471366501022
