feature,mean_importance
age,0.07098398061228357
weight,0.25498409908365666
gender,0.6134534967018489
