feature,mean_importance
age,0.08786783819432192
weight,0.2641479433149808
gender,0.6174296871870872
