feature,mean_importance
age,0.07753461929680114
weight,0.24065055219575698
gender,0.6303024898962932
