feature,mean_importance
age,0.08925381578826745
weight,0.25200483958046205
gender,0.7002411752806148
