feature,mean_importance
age,0.0765375678746512
weight,0.26970818331111024
gender,0.6546704816885953
