feature,mean_importance
age,0.08336185389286845
weight,0.24277154186718616
gender,0.6456375908985672
