feature,mean_importance
age,0.08753620521655775
weight,0.23645346274914245
gender,0.4918641692221984
