feature,mean_importance
age,0.08405447222019018
weight,0.22829182873583492
gender,0.5010136994246943
