feature,mean_importance
age,0.07573038670646624
weight,0.2673347186062525
gender,0.6527633216884314
