feature,mean_importance
eat,0.00014075908512629632
region,0.005522351281607318
schedule,0.023155218310942593
background,0.027900442959790016
experience,0.03467858277472792
height,0.0370394405541712
howlong,0.04680885114489719
age,0.06735909895110793
weight,0.31226694154531665
gender,0.5351296698768454
