feature,mean_importance
age,0.0900919385015739
weight,0.2717946225778819
gender,0.6369316744903971
