feature,mean_importance
age,0.08582437361543266
weight,0.2482437457592932
gender,0.6618377896367571
