feature,mean_importance
eat,-0.00023212894313361375
region,0.004262948979222936
schedule,0.023490303671479983
height,0.031091413367066646
background,0.03176214896335457
experience,0.03807442940018031
howlong,0.051295525136792496
age,0.07802755226834791
weight,0.3097052415519422
gender,0.5675292210182733
