feature,mean_importance
eat,0.0006112653135223912
region,0.006756776866728137
schedule,0.02524121363289345
background,0.031696128016899236
experience,0.03577477883642106
height,0.041389596228550644
howlong,0.0474401333716291
age,0.08162682751403567
weight,0.3372018829408103
gender,0.5655508774346469
