feature,mean_importance
age,0.08385811208808439
weight,0.24988866582954458
gender,0.644082520271714
