feature,mean_importance
eat,0.001798114243461224
region,0.006084820342188246
schedule,0.02521333355916767
background,0.033683635968877634
experience,0.038063176208089355
howlong,0.044476888321796415
height,0.04498648961911865
age,0.08074290466413672
weight,0.3173374089277981
gender,0.6044130985514966
