feature,mean_importance
age,0.08932608040143326
weight,0.2579307535065022
gender,0.6963485832643224
