feature,mean_importance
eat,0.0012908836807411395
region,0.007136391726167523
schedule,0.02603885621251817
background,0.03477516286426213
experience,0.03735027328456496
height,0.04383856494674946
howlong,0.053203832662863035
age,0.07665657591400568
weight,0.33034274090338533
gender,0.5747833006294635
