feature,mean_importance
age,0.09038545072901469
weight,0.2831729048285302
gender,0.6748441747871166
