feature,mean_importance
age,0.07656394992234969
weight,0.289612027375055
gender,0.630976222040468
