feature,mean_importance
age,0.08636990131752384
weight,0.2810849987074452
gender,0.6173681283115886
