feature,mean_importance
region,-8.881784197001253e-17
eat,-5.551115123125783e-17
height,9.954799244438207e-06
background,6.276204506874272e-05
experience,0.0004518769397805933
howlong,0.001732706218707869
schedule,0.017208728551595942
age,0.03595202172093055
athlete_id,0.10322046232447168
weight,0.11020002063317236
gender,0.7718132836786482
