feature,mean_importance
region,0.0
eat,0.0
height,1.464772539216952e-06
background,0.0006411934540168973
experience,0.0010802926807891966
howlong,0.0011175212156952275
schedule,0.013428732613075589
age,0.04216134799690206
athlete_id,0.10003935469549068
weight,0.11385730034582613
gender,0.8234752880305877
