feature,mean_importance
height,-7.340486818182556e-05
region,0.0
eat,0.0
experience,0.0003799623277408237
background,0.0006506355754805626
howlong,0.0007297106499207894
schedule,0.013440308368683051
age,0.03799600777539962
athlete_id,0.10751344603034929
weight,0.11554017156771974
gender,0.7754082635652378
