feature,mean_importance
height,-0.00010098715966976313
region,3.096604653363144e-07
eat,3.840918357433942e-06
background,0.00038515113422832314
experience,0.0007325483095108165
howlong,0.0009166969106136569
schedule,0.014575100399695307
age,0.03705631313770745
athlete_id,0.10414288500277773
weight,0.10780760753242577
gender,0.761479683250295
