feature,mean_importance
age,0.07833513420211374
weight,0.2330893825165424
gender,0.6643207672571749
