feature,mean_importance
age,0.06898554494701507
weight,0.2501921542227556
gender,0.6593459426957019
