feature,mean_importance
age,0.07702662642194388
weight,0.23232264398127161
gender,0.6586931258722415
