feature,mean_importance
age,0.08054008339623511
weight,0.23951430189346007
gender,0.6527425257257436
