feature,mean_importance
age,0.08204645939505885
weight,0.2427439609040741
gender,0.7067520515049039
