{"_runtime":1,"mse":40.63111656792054,"mae":1.9664865211855211,"r2":0.9994837166629755,"_timestamp":1.7527886267288032e+09,"_step":0,"_wandb":{"runtime":1}}