{"_timestamp":1.752789041438038e+09,"_wandb":{"runtime":0},"_runtime":0,"_step":0,"mse":25759.389615436066,"mae":124.88946067361752,"r2":0.6726857454645666}