feature,mean_importance
eat,0.0009408617228545302
region,0.0068182478454945575
howlong,0.011924826333285659
schedule,0.0193179322951663
experience,0.02151022671411585
background,0.028073281745317306
height,0.03836536264400245
athlete_id,0.07990789013740911
age,0.08575747270520906
weight,0.2975441361625304
gender,0.5671678853326251
