feature,mean_importance
age,0.08360454787934808
weight,0.2458794467165884
gender,0.6380767408711874
