{"mae":125.09859988159039,"r2":0.6708141657731033,"_timestamp":1.752789537536049e+09,"_step":0,"mse":25906.681552162652,"_wandb":{"runtime":0},"_runtime":0}