feature,mean_importance
age,0.08180908783970142
weight,0.2631771127101722
gender,0.6434750353652211
