feature,mean_importance
age,0.08193924548634625
weight,0.25803342805088525
gender,0.6495214026355465
