feature,mean_importance
age,0.07384529326976581
weight,0.27724685943707333
gender,0.6472200405122293
