feature,mean_importance
age,0.08658909966270521
weight,0.2729299803618934
gender,0.6906626124106199
