feature,mean_importance
age,0.08568374658056985
weight,0.25736736438176255
gender,0.6465866313338509
