{"_runtime":4,"mse":9.17340457342989,"mae":1.946144358723809,"r2":0.9998834372194244,"_timestamp":1.75278953403907e+09,"_step":0,"_wandb":{"runtime":4}}