{"_wandb":{"runtime":0},"_runtime":0,"mse":25759.389615436066,"mae":124.88946067361752,"r2":0.6726857454645666,"_timestamp":1.752789535472082e+09,"_step":0}