Learner 1,Learner 2,Learner 3,Learner 4,Learner 5,counter
0.6965693843655223,0.6593131977371696,0.6411481410621503,0.6408236810111133,0.6578107556773636,0
0.2549116536227915,0.24233304462048,0.2586672619046429,0.2418691967055704,0.2568164120123023,0
0.0896889871284059,0.0851759770539722,0.0887208643861779,0.0831962983530427,0.0746791783379071,0
0.0005809090125137,-7.386210149196159e-06,0.0003602844515131,0.0004077651612829,0.0001566606759982,5
