feature,mean_importance
age,0.08567625668106828
weight,0.3020435664169662
gender,0.604150197237072
