feature,mean_importance
age,0.08917442561923043
weight,0.2885626993542482
gender,0.6571382252111183
