feature,mean_importance
age,0.07171598236411846
weight,0.3073938668427511
gender,0.6047135797897287
