feature,mean_importance
age,0.08233579041278345
weight,0.2927835477748125
gender,0.61451907042735
