feature,mean_importance
age,0.08238948158959689
weight,0.29013344058914975
gender,0.604037985789805
