{"_wandb":{"runtime":1},"_runtime":1,"mse":35.63302334411548,"mae":4.5134012165105695,"r2":0.9995472254332558,"_timestamp":1.752789528724731e+09,"_step":0}