feature,mean_importance
age,0.07473161406506929
weight,0.27622726244166285
gender,0.6356028598120037
