feature,mean_importance
age,0.08228692172849363
weight,0.258706588821268
gender,0.6407797567386891
