feature,mean_importance
age,0.08976040760450799
weight,0.2781512092921545
gender,0.6722754104347001
