feature,mean_importance
age,0.08281998901076601
weight,0.2594894869860359
gender,0.6283162500327027
