feature,mean_importance
age,0.08633347039787148
weight,0.2731350365852611
gender,0.6177943634911502
