feature,mean_importance
age,0.08961708598668948
weight,0.2797185372811605
gender,0.6738476730610282
