feature,mean_importance
eat,0.0007495058560871958
region,0.005236755518727399
schedule,0.023759061661684334
background,0.030955721062745634
height,0.03517753789082019
experience,0.0353404071544983
howlong,0.04779782541822013
age,0.08077006881277271
weight,0.3292225773825077
gender,0.5626513442884099
