feature,mean_importance
age,0.08199237694418673
weight,0.2679978774671695
gender,0.6281418661374571
