feature,mean_importance
age,0.08463441109443455
weight,0.2765826660981495
gender,0.6239946683608747
