{"_timestamp":1.752788964222525e+09,"_wandb":{"runtime":0},"_runtime":0,"_step":0,"mse":25906.681552162652,"mae":125.09859988159039,"r2":0.6708141657731033}