{"_wandb":{"runtime":2},"_runtime":2,"mae":4.5134012165105695,"r2":0.9995472254332558,"carbon_emissions_kg":1.0675500913420083e-06,"_timestamp":1.752789903218049e+09,"_step":0,"mse":35.63302334411548}