feature,mean_importance
age,0.07758197982386898
weight,0.23090985594485486
gender,0.6638316553687883
