feature,mean_importance
age,0.0769523637253673
weight,0.22621321135929978
gender,0.6676015561544026
