feature,mean_importance
age,0.08244711730810332
weight,0.24460188838956762
gender,0.7070826415420726
