feature,mean_importance
age,0.06971773890961283
weight,0.2541639230396619
gender,0.651512597470299
