feature,mean_importance
age,0.0804533336085471
weight,0.2237732176416566
gender,0.6650100741335884
