feature,mean_importance
age,0.07738898822363173
weight,0.2714210503043807
gender,0.6501193492962829
