feature,mean_importance
age,0.07403163693536961
weight,0.2920672649025699
gender,0.5732355992712789
