feature,mean_importance
age,0.06970585429791884
weight,0.2296040772966781
gender,0.631294887481051
