feature,mean_importance
age,0.09507446639958232
weight,0.24949749904697538
gender,0.6673555878900521
