feature,mean_importance
age,0.07211160344697692
weight,0.26652785260596357
gender,0.6507724924507174
