{"_runtime":0,"_step":0,"mse":46.65958498070084,"mae":3.5342218146977995,"r2":0.999407115327541,"_timestamp":1.752788624732973e+09,"_wandb":{"runtime":0}}