feature,mean_importance
age,0.0880769691930672
weight,0.2362360109879388
gender,0.5336711092273239
