feature,mean_importance
age,0.0837382602965035
weight,0.22673096815213584
gender,0.4924576579454533
