feature,mean_importance
age,0.07643537347943163
weight,0.2506882906921719
gender,0.4872605829764704
