feature,mean_importance
age,0.07577047336229632
weight,0.2686866909370476
gender,0.6526018729013092
