feature,mean_importance
age,0.09036605933949271
weight,0.27616503143125176
gender,0.6316328696229985
