feature,mean_importance
age,0.08977532669710517
weight,0.25598565200950507
gender,0.6967313834765138
