feature,mean_importance
age,0.08645357327972224
weight,0.2507367330974574
gender,0.6624595805814637
