feature,mean_importance
eat,0.0004844058853244682
region,0.007224624759089282
schedule,0.02339355640304631
background,0.03174141336611828
experience,0.03779720067261179
height,0.044606946767417145
howlong,0.04992178716637604
age,0.08151540427693842
weight,0.3442717760069704
gender,0.5519607230260983
