feature,mean_importance
eat,3.9621191860594875e-05
region,0.006673193710883552
schedule,0.022848893411853487
background,0.028804984599696624
experience,0.035977762310449246
height,0.0384623338545102
howlong,0.044789280447395066
age,0.06693044779074439
weight,0.3180642661776413
gender,0.5244922187819709
