feature,mean_importance
eat,0.000159631806942917
region,0.0045486648775601825
schedule,0.023362707430665552
background,0.02990724846848074
height,0.03369346118599638
experience,0.039948953755409335
howlong,0.04846993462626229
age,0.07395776736099333
weight,0.288939968820703
gender,0.5257426420815967
