feature,mean_importance
eat,0.0010813048614466635
region,0.006137563098605248
schedule,0.02465135302580702
background,0.0321968010510519
experience,0.04069464107966012
height,0.04636871072525471
howlong,0.0487052122043745
age,0.07574622461682504
weight,0.32584573870014844
gender,0.5713885475295022
