feature,mean_importance
age,0.08460640394707811
weight,0.2513674542860351
gender,0.6419120388501063
