feature,mean_importance
eat,0.0007371630971767185
region,0.007692829066512219
schedule,0.02431829456679093
background,0.033452428707410886
experience,0.039070902772055126
height,0.04479495829664833
howlong,0.0503627148023744
age,0.0765123984812857
weight,0.3318278396359814
gender,0.5634723105812218
