feature,mean_importance
age,0.1019280064070955
weight,0.2585733595548066
gender,0.6750223029695824
