feature,mean_importance
age,0.08602596760774339
weight,0.2522476817603553
gender,0.7005936301290968
