feature,mean_importance
age,0.07517156174718284
weight,0.21523610135303844
gender,0.6344519281211987
