feature,mean_importance
age,0.07971274510566054
weight,0.22915493222260214
gender,0.787669660306612
