feature,mean_importance
age,0.09409637654716183
weight,0.26133266470653177
gender,0.7013653443057725
