feature,mean_importance
age,0.09662374930746365
weight,0.24218598434642136
gender,0.6875670881176228
