feature,mean_importance
age,0.08215314909857224
weight,0.2584891009961229
gender,0.6507350366697183
