feature,mean_importance
age,0.09025842909030982
weight,0.2782480906467314
gender,0.6498920155500642
