feature,mean_importance
age,0.07943768144141605
weight,0.22711963472243374
gender,0.6791449330168223
