feature,mean_importance
age,0.08438394806518733
weight,0.244581433727721
gender,0.658431213638728
