feature,mean_importance
age,0.09481452159864476
weight,0.25469622595954444
gender,0.7104455109114449
