feature,mean_importance
age,0.07799096398099818
weight,0.2659571993530588
gender,0.6602922377618168
