feature,mean_importance
age,0.08742580398522602
weight,0.24319146489139717
gender,0.6682919675274122
