feature,mean_importance
age,0.08981825699807962
weight,0.26212248218129097
gender,0.6477712912397625
