feature,mean_importance
age,0.0729622764330532
weight,0.2961496919518437
gender,0.6335233213459659
