feature,mean_importance
age,0.07743644681244555
weight,0.3050103496298225
gender,0.6304658407571104
