feature,mean_importance
age,0.06278681477652207
weight,0.31691937930358466
gender,0.6125889135899738
