feature,mean_importance
age,0.08280310359326036
weight,0.3148622514217238
gender,0.6399743646518977
