feature,mean_importance
age,0.0752018379261328
weight,0.30252743615427646
gender,0.6170635173831867
