feature,mean_importance
eat,0.00048221770818283606
region,0.006130866575207195
howlong,0.009074168285657718
schedule,0.022153918227054314
experience,0.02222498140597503
background,0.027725088115940443
height,0.03387388650490084
athlete_id,0.07890961170672692
age,0.0852063252660314
weight,0.31847667949090647
gender,0.5710329833088862
