feature,mean_importance
eat,0.0004071122941083527
region,0.007148446707278588
howlong,0.008776385243273833
schedule,0.019990172870475886
experience,0.020781757227873066
background,0.02637794129986687
height,0.03648241305939419
athlete_id,0.07947800121257835
age,0.09338127649102324
weight,0.31370685279950955
gender,0.5612480785293903
