feature,mean_importance
age,0.07731146702830324
weight,0.2822418298359417
gender,0.6452035674128307
