feature,mean_importance
eat,-0.00042913337007565165
region,0.004768522591594726
schedule,0.022349498351259645
height,0.029971903883694907
background,0.030667363368144362
experience,0.038037118309485016
howlong,0.04569834454103498
age,0.07545600840197432
weight,0.2778147315833371
gender,0.553939373653359
