feature,mean_importance
age,0.08629360250425597
weight,0.252447046083663
gender,0.6536229475355911
