feature,mean_importance
age,0.0848191705263254
weight,0.2512668625756739
gender,0.6336899489640213
