feature,mean_importance
eat,0.0007698313895782904
region,0.006386200944221887
schedule,0.02194683317259376
background,0.028704873019705358
experience,0.03595463482129485
height,0.03888130108670205
howlong,0.04683373217591249
age,0.06581298899539324
weight,0.2988613790995355
gender,0.5977554342601035
