feature,mean_importance
age,0.08942446320239651
weight,0.265810007739588
gender,0.631565747409919
