feature,mean_importance
eat,0.00025751677088501344
region,0.006663648866488991
schedule,0.023333713823964274
background,0.0328364215670552
experience,0.03778199622009966
height,0.045472350704409956
howlong,0.04691962793793623
age,0.07934117273176797
weight,0.326403091378293
gender,0.5696453710858109
