feature,mean_importance
eat,0.0005994362314038493
region,0.006010090890367192
schedule,0.02194506931007384
background,0.03305132527780361
experience,0.0402375801055167
howlong,0.047793656652765526
height,0.05312527097920231
age,0.07953416928172533
weight,0.3336583813807108
gender,0.593522571729132
