feature,mean_importance
age,0.08943255001084599
weight,0.2535573711921042
gender,0.6903488545682576
