feature,mean_importance
eat,0.0002508648734280583
region,0.0056415910247727356
schedule,0.02601669643240561
background,0.03240880355035104
experience,0.038741662955001435
height,0.04536747170393188
howlong,0.046047977380817534
age,0.08113015263040282
weight,0.3558079334759519
gender,0.5388945474240534
