{"_wandb":{"runtime":1},"_runtime":1,"_step":0,"mse":25906.681552162652,"mae":125.09859988159039,"r2":0.6708141657731033,"_timestamp":1.752789043505481e+09}