feature,mean_importance
age,0.08978080510806431
weight,0.25895452361309584
gender,0.6369345684914169
