feature,mean_importance
age,0.08928566970938916
weight,0.2559723414327172
gender,0.6971523015659402
