feature,mean_importance
age,0.08379296326040848
weight,0.24813132439171168
gender,0.63921145446778
