feature,mean_importance
age,0.08567248944418958
weight,0.24620261962699058
gender,0.6670050358122255
