feature,mean_importance
age,0.07630269121437208
weight,0.26740522243170534
gender,0.6538085205572176
