feature,mean_importance
age,0.08753629615830552
weight,0.22914178234508178
gender,0.6871619010873715
