feature,mean_importance
age,0.08945892888028742
weight,0.2297520154023605
gender,0.6686427058322212
