feature,mean_importance
age,0.0787059551486348
weight,0.26354502377045624
gender,0.6709754610757827
