feature,mean_importance
age,0.09013013283701213
weight,0.2553699532860909
gender,0.6696476014870351
