feature,mean_importance
age,0.08422414641136702
weight,0.25908568781086316
gender,0.6514787000356477
