feature,mean_importance
age,0.08528185501493332
weight,0.2750449027680787
gender,0.6276776998837216
