feature,mean_importance
age,0.08249438066603092
weight,0.2729563290787084
gender,0.6237590494339262
