feature,mean_importance
age,0.08313886261974678
weight,0.27766834154465564
gender,0.6179830348925491
