feature,mean_importance
age,0.08981916630126541
weight,0.28414542082160327
gender,0.6684471640352697
