feature,mean_importance
age,0.07117826914816033
weight,0.29039411432377915
gender,0.6174141276216147
