{"_runtime":1,"_timestamp":1.75278991338814e+09,"_step":0,"mse":25906.681552162652,"mae":125.09859988159039,"r2":0.6708141657731033,"carbon_emissions_kg":9.212536267813173e-07,"_wandb":{"runtime":1}}