feature,mean_importance
age,0.08930917171199058
weight,0.2848301102679905
gender,0.6799521506698396
