feature,mean_importance
age,0.08469141794784266
weight,0.2765977885672855
gender,0.6329518140701215
