feature,mean_importance
age,0.08467120041489919
weight,0.27717730596051854
gender,0.640573084828481
