feature,mean_importance
age,0.08855045541217955
weight,0.28512722501786747
gender,0.6272773442120266
