feature,mean_importance
age,0.07587620799034993
weight,0.2935637792635224
gender,0.6360697321244958
