feature,mean_importance
age,0.0848268520303955
weight,0.28295676138546144
gender,0.6600162278555874
