feature,mean_importance
age,0.08534306981481
weight,0.26275307128339914
gender,0.6287122866607469
