feature,mean_importance
age,0.08331812438391545
weight,0.22935287256147835
gender,0.7116272092342599
