feature,mean_importance
age,0.08096582164967955
weight,0.24715561212517595
gender,0.7320433623490056
