feature,mean_importance
age,0.06761663196892868
weight,0.27491653789358483
gender,0.6438157059015419
