feature,mean_importance
age,0.06290178986951625
weight,0.17785100090650494
gender,0.7639587634229521
