feature,mean_importance
age,0.05117457423150049
weight,0.18662308679323245
gender,0.7146158279802224
