feature,mean_importance
age,0.05976998905191315
weight,0.1847327673266887
gender,0.6791626109589857
