feature,mean_importance
age,0.08400415850362086
weight,0.29856978742648366
gender,0.5739309513672566
