feature,mean_importance
age,0.0807251129520332
weight,0.2427278945358659
gender,0.6846687180359103
