feature,mean_importance
age,0.0796037583100711
weight,0.24971292014014881
gender,0.6790290193373316
