feature,mean_importance
age,0.06749029496114968
weight,0.24985691002154753
gender,0.6474768200972887
