feature,mean_importance
age,0.07842413034596665
weight,0.24272003121098282
gender,0.645848057387191
