feature,mean_importance
age,0.09280950930241504
weight,0.2611475223684849
gender,0.6400761628322972
