feature,mean_importance
age,0.06458335707105294
weight,0.22489109001228255
gender,0.80811990160262
