feature,mean_importance
age,0.08003472212403025
weight,0.2252790492412115
gender,0.6409082386686843
