feature,mean_importance
age,0.09063884141072784
weight,0.20837415135602652
gender,0.7193571407229588
