feature,mean_importance
age,0.0924011560828909
weight,0.2675283169420086
gender,0.7068345546528774
