feature,mean_importance
age,0.08226947582197189
weight,0.28326677080924967
gender,0.606903829580953
