feature,mean_importance
age,0.08927228355292821
weight,0.2834140794672141
gender,0.6600320577517457
