feature,mean_importance
age,0.08491921738372729
weight,0.29571733538100153
gender,0.6033849385976815
