feature,mean_importance
eat,-0.000359990347563055
region,0.006352633620099013
schedule,0.02599756780882253
background,0.028739676576620642
experience,0.034646415997422284
height,0.03591279110959894
howlong,0.047392419849610165
age,0.08168296026681802
weight,0.3356507744558179
gender,0.593922676971356
