feature,mean_importance
age,0.07103033150495011
weight,0.30536990012555043
gender,0.5968747123567
