feature,mean_importance
eat,0.00031603622569208455
region,0.005211649833162446
schedule,0.028785259970843267
background,0.03246184357031688
height,0.036808416163412794
experience,0.03936213030119333
howlong,0.04715778819199309
age,0.07816461245104309
weight,0.34068092759441443
gender,0.6117746436519459
