feature,mean_importance
age,0.0898968592036437
weight,0.28771255108393107
gender,0.6689357296729102
