feature,mean_importance
age,0.08644276465420496
weight,0.28542820253121803
gender,0.6156878549987368
