feature,mean_importance
age,0.07152366362684642
weight,0.290711408025096
gender,0.6097653260877989
