feature,mean_importance
age,0.08227573438202848
weight,0.2769233931977607
gender,0.6249233132655094
