feature,mean_importance
age,0.08344895270004513
weight,0.2810722798469756
gender,0.6158974716435386
