feature,mean_importance
age,0.0883027005308592
weight,0.28822159362439137
gender,0.6576762524134112
