feature,mean_importance
age,0.0725770825485498
weight,0.2963794665915246
gender,0.6158864803354709
