feature,mean_importance
age,0.0836024623719322
weight,0.28403843164651477
gender,0.6207559994935834
