feature,mean_importance
age,0.08192197317519082
weight,0.28353659126283387
gender,0.6114983599709995
