feature,mean_importance
age,0.08671752011516444
weight,0.27936876127964705
gender,0.6283687424330686
