feature,mean_importance
age,0.09000697464637054
weight,0.2707796814805861
gender,0.6349983780602944
