feature,mean_importance
age,0.08409085031899623
weight,0.24304808008193443
gender,0.6615658943393549
