feature,mean_importance
age,0.07464017046734758
weight,0.2588012247459268
gender,0.6581118855251142
