feature,mean_importance
age,0.09001267675173259
weight,0.2599437842205764
gender,0.6962510819855426
