feature,mean_importance
age,0.08430997580755592
weight,0.2481174068990455
gender,0.6438943722184833
