feature,mean_importance
age,0.07287217706348927
weight,0.29251881346903835
gender,0.6228512595046541
