feature,mean_importance
age,0.08556436504400401
weight,0.2761305397176653
gender,0.6293732113329338
