feature,mean_importance
age,0.08229328733734995
weight,0.2722901229508872
gender,0.6147879005421194
