feature,mean_importance
age,0.08942430722386427
weight,0.28501465640237367
gender,0.6690298950764142
