feature,mean_importance
age,0.08382356615567159
weight,0.27552128933738806
gender,0.6262762578073537
