{"mse":9.17340457342989,"mae":1.946144358723809,"_wandb":{"runtime":4},"_runtime":4,"r2":0.9998834372194244,"carbon_emissions_kg":3.43383323979348e-06,"_timestamp":1.7527899088592079e+09,"_step":0}