feature,mean_importance
age,0.07245818135250368
weight,0.2698009356698721
gender,0.6472430487482305
