feature,mean_importance
age,0.08662243141655715
weight,0.259837627220312
gender,0.6960683277556811
