feature,mean_importance
age,0.08252716238302338
weight,0.24801881693342492
gender,0.6502179018940685
