feature,mean_importance
age,0.08194311643165239
weight,0.2535664888053748
gender,0.6503299088732246
