feature,mean_importance
age,0.08484259532992292
weight,0.26259444734004667
gender,0.6427800367714793
