{"_step":0,"mse":25759.389615436066,"mae":124.88946067361752,"r2":0.6726857454645666,"carbon_emissions_kg":2.7504097280715986e-07,"_timestamp":1.7527899107099898e+09,"_wandb":{"runtime":0},"_runtime":0}