feature,mean_importance
eat,0.00015499724980532202
region,0.00737037359396947
howlong,0.010068261130838108
schedule,0.02055850098103947
experience,0.02339048928090955
background,0.02580835879079325
height,0.04128372916349419
athlete_id,0.07509781972533291
age,0.09103655071271588
weight,0.33464901845409634
gender,0.5377407034254016
