feature,mean_importance
eat,0.00036393327599542615
region,0.0073044377617197285
howlong,0.012064855105213051
schedule,0.01869185314310313
experience,0.0210171388732877
background,0.023039212343206807
height,0.04054846114334683
athlete_id,0.07692130240837787
age,0.08130959054993953
weight,0.31886387735760413
gender,0.5285882245050746
