feature,mean_importance
eat,-0.00019500520342374816
region,0.005572935654154671
howlong,0.011556841740626133
schedule,0.017320283792232345
experience,0.02308187135619854
background,0.02519928126334775
height,0.03801093657508489
athlete_id,0.07842646967663351
age,0.0869974155013949
weight,0.30245471848946825
gender,0.5305475943395624
