feature,mean_importance
eat,-2.366677680759599e-05
region,0.007043778904973663
howlong,0.01174981047161106
schedule,0.02003516357635111
experience,0.02423074251474424
background,0.02790724508033171
height,0.042137359458651893
athlete_id,0.07059336499724111
age,0.08586091865402674
weight,0.3150935586251794
gender,0.5692824584264319
