{"_timestamp":1.7527886233484852e+09,"_step":0,"_wandb":{"runtime":4},"_runtime":4,"mse":9.17340457342989,"mae":1.946144358723809,"r2":0.9998834372194244}