feature,mean_importance
age,0.0844488491265423
weight,0.2550588711867051
gender,0.6357757080050751
