feature,mean_importance
age,0.089745022431065
weight,0.27322367333404707
gender,0.6343253953849649
