feature,mean_importance
age,0.08520336165112385
weight,0.24798292248628434
gender,0.6610668659126796
