feature,mean_importance
age,0.08860550456277415
weight,0.2514695487264906
gender,0.6949949219319136
