feature,mean_importance
age,0.07730841821125055
weight,0.27917137280676735
gender,0.647787330176459
