feature,mean_importance
random_feature,0.00036028445151312647
age,0.08872086438617796
weight,0.25866726190464295
gender,0.6411481410621503
