feature,mean_importance
random_feature,0.00040776516128295805
age,0.08319629835304279
weight,0.2418691967055704
gender,0.6408236810111133
