feature,mean_importance
random_feature,-7.386210149196159e-06
age,0.08517597705397228
weight,0.24233304462048003
gender,0.6593131977371696
