feature,mean_importance
random_feature,0.00015666067599827692
age,0.07467917833790713
weight,0.2568164120123023
gender,0.6578107556773636
