feature,mean_importance
random_feature,0.0005809090125137196
age,0.08968898712840592
weight,0.2549116536227915
gender,0.6965693843655223
