feature,mean_importance
age,0.07884509148315336
weight,0.22560826936615483
gender,0.6426473827548211
