feature,mean_importance
age,0.07510561825388559
weight,0.22355053240601502
gender,0.5882982613847741
