feature,mean_importance
age,0.07779333669042664
weight,0.2335270108198669
gender,0.5893315740986866
