feature,mean_importance
age,0.06737192907457694
weight,0.24442379151388788
gender,0.5822493714202743
