feature,mean_importance
age,0.07503043274016406
weight,0.23087247960598778
gender,0.5935290052129252
