feature,mean_importance
age,0.08390601388010559
weight,0.25021108154339655
gender,0.6441561439958557
