feature,mean_importance
age,0.08989088338576769
weight,0.2690530159132124
gender,0.6362004846905068
