feature,mean_importance
age,0.0746611651735096
weight,0.26175498271502146
gender,0.6581997115121572
