feature,mean_importance
age,0.08924080268480675
weight,0.25731578094499674
gender,0.6983512936309796
