feature,mean_importance
age,0.08493808660382587
weight,0.24606434194445778
gender,0.6629737108684596
