feature,mean_importance
age,0.08962120976685727
weight,0.2838007446238152
gender,0.6648776446111542
