feature,mean_importance
age,0.08140941824420025
weight,0.2683147163694318
gender,0.6217643507485834
