feature,mean_importance
age,0.07561326862964451
weight,0.2878812990141211
gender,0.6307830892658707
