feature,mean_importance
age,0.08679331385858885
weight,0.26926707734301264
gender,0.6344273495634545
