feature,mean_importance
age,0.08557459370369568
weight,0.27899499552240486
gender,0.6326183577728642
